"Name", "Phone", "Industry", "Working Hours", "Employee Size", "Benefits", "Language", "Email", "Description"
"A Clean Service","+62 81289898937","Repair & Maintenance Services","Regular hours, Mondays - Fridays","1 - 50","Parking","Bahasa Indonesia","","CV AClean Service\nAcleanAdalah Badan Usaha Yang Bergerak Dibidang Jasa Service AC. Dan Kami Melihat Perkembangan Properti Di Daerah Serpong-Tangerang Yang Sangat Maju, Maka Kami Aclean Hadir Sebagai Pionir Solusi Jasa Cuci Dan Service AC.\nAclean Berdiri Sejak Tahun 2015. Tujuan Kami Adalah Memberikan Pelayanan Yang Terbaik Terhadap Seluruh Customer Dengan Menyediakan Tenaga Kerja Yang Profesional, Rapi, Bersih Dan Bertanggung Jawab\nAclean Melayani Anda Di Area Serpong-Tangerang Yang Meliputi : Alam Sutera, Gading Serpong, Melati Mas, Graha Raya Dan BSD.\nKepuasan Dan Kepercayaan Customer Adalah Prioritas Utama Bagi Kami. Dan Kami Hadir Sebagai Solusi Terbaik Untuk Jasa Cuci & Service AC Bagi Customer."
"A & S Professional Security System","(061) 6625946 , (061) 7360159","Repair & Maintenance Services","Saturdays/Shift required","1 - 50","Medical","Bahasa Indonesia","","A & S Security System adalah sebuah perusahaan yang bergerak di bidang distribusi alat keamanan (security system) dan berlokasi di Medan yaitu jalan Thamrin & Komplek Cemara Asri. Kami antara lain:\n1.HD CCTV / IP Cam\n2. Security Alarm\n3. Guard Patrol (Alat Patroli Keamanan)\n4. Metal Detector (Alat Deteksi Keamanan)\n5. Access Control (Sistem Pengontrol Pintu)\n6. Hotel Doorlock\n7. Absensi Fingerprint\n8. Automatic Gate (Pagar Otomatis)\n9. Barrier Gate (Sistem Parkir)\n10. GPS Tracking System\nPerusahaan kami telah berdiri sejak tahun 2005 dan telah memiliki pengalaman yang luas dalam menangani proyek besar di pemerintah ataupun swasta.\nSaat ini kami mencari kandidat yang pro aktif dengan semangat untuk maju bersama perusahaan kami."
"A&W Restaurants Indonesia","+62 21-6623456","Food & Beverage/Catering/Restaurant","Regular hours, Mondays - Fridays","More than 5000","Medical, Miscellaneous allowance","Indonesia & English","","PT. Biru Fast Food Nusantara is Indonesia’s leading Restaurant Company with over 200 stores, and still growing. Over 5000 employees help ensure our Restaurants operate effectively so our customers get the service and products they deserve. Our restaurant brand – A&W Restaurants – is one of the global leaders of QSR food category."
"A's Musik Internusa","021-6457903","Others","Senin s/d Sabtu","1 - 50","","Bahasa Indonesia, Bahasa Mandarin","","As Musik Internusa adalah perusahaan yang bergerak dalam bidang Distributor of Professional Sound System & Musical Instruments dan sudah berdiri sejak tahun 2006. Saat ini membutuhkan tenaga kerja yang Professional, Cerdas, Loyal dan ber-Attitude baik untuk menempati beberapa posisi tersebut."
"A-Trimedia Packaging","+62 274-8532771","Manufacturing / Production","Saturdays or Shift required","1 - 50","","Bahasa Indonesia","","A-Trimedia Packaging Bergerak Dibidang Manufacturing / Production Sedang Mengalami Perkembangan pesat. Kami sedang mencari profesional-profesional yang berpengalaman, berkualita, memiliki tanggung jawab tinggi, dan menyukai tantangan untuk bergabung pada A-Trimedia Packaging, dengan posisi sebagai berikut :"
"A.D-A","+62 22-2005782","Arts/Design/Fashion","","Not Specified","","","","Dengan berkembang pesatnya Teknologi Informasi dalam dunia bisnis, kami mengundang individu - individu yang berkualitas untuk dapat bergabung dan maju bersama perusahaan kami."
"AA Mart & Residence","+62 361 481542","Retail / Merchandise","","","","","","Perusahan yang bergerak di bidang minimarket yg bertempat di Jl Gunung Cemara VII No 316 Perumnas Monang Maning Denpasar Bali"
"a.i architects","+62 813 1111 0713","Architectural Services / Interior Designing","Regular hours, Mondays-Fridays","1 - 50","Vision","Bahasa Indonesia","","an architectural and design studio, based in Tangerang, Indonesia.  Historya.i architects was formed by two architects in the past 2 years with side by side job. But in 2013 they agree to open their own firm in Tangerang. Product & ServicesConceptual Design Involves outlining the project : list of features or requirements that the project will include, brainstorming sessions to generate additional ideas, rough paper and pencil or computer - generated sketch of what the result will look like, encompassing all project requirements and features, modify the rough sketch or outline satisfy a change in needs or preferences from clients. Schematic Design Involves gathering the information necessary to begin design, and avoid trouble along the way ; develop a program and budget, obtain site survey, obtain sceptic analysis and design, investigate zoning regulations and analyze site for possibilities and limitations, measure and draw the existing buildings for base drawings. Design Development Involves creating and building the project itself ; gathers supplies to complete the project, require on-site visits from a property owner to ensure satisfaction, evaluates the project and shows the result to clients. Tender & Periodic Inspection Involves managing the field observation and documentation task as well as evaluates compliance with construction documents and specifications."
"AB Architects","021-58908839","Architectural Services/Interior Designing","Regular hours, Mondays - Fridays","1 - 50","-","Bahasa Indonesia - English","","Ab architects berdiri di bulan november 2009. Karya-karya yang telah dihasilkan memiliki aneka ragam skala proyek dan fungsi bangunan mulai dari rumah tinggal, kantor, bangunan komersial, hotel, vila, mall dan lain sebagainya.\nKecintaan dalam berarsitektur membentuk sikap untuk tidak pernah berhenti dalam menyelidiki dan mencari ide-ide baru disetiap waktu. Berkolaborasi dengan alam dan lingkungan, mencoba menghasilkan karya-karya arsitektur yang mampu menjawab setiap kebutuhan dari klien. Dalam setiap perjalanan eksplorasi desain yang dilakukan, efisiensi energi dan kualitas kesehatan ruang adalah prinsip yang selalu dipegang. Solusi yang menghasilkan nilai-nilai estetika bentuk dan ruang tanpa menghilangkan kebutuhan dasar menjadi fokus dalam berkarya."
"AB Group","021-56961333","Others","Regular hours, Mondays - Fridays","51 - 200","Medical","Bahasa Indonesia","","PT AB Group adalah perusahaan Coorporate yang bergerak dalam beberapa bidang seperti; Property Development (Apartement & Residence), Hospitality (Hotel & Maintenance Services), F&B (Restaurant), Healthcare Services (Apotek & Klinik Berlisensi), Healthcare Securities, juga Internet Service Provider. Sebagai perusahaan yang terus maju & berkembang, kami menginginkan sumber daya manusia yang Berkualitas, Berpengalaman, Produktif, serta Profesional."
"Aang Wirawan Studio","+62 217591 6699","Architectural Services/Interior Designing","Regular hours, Mondays - Fridays","1 - 50","","English","","North Artchitecture  is a studio for architecture, planning, and interior. In North Artchitecture, we focus on creating spaces. Regardless the size or shape or colour, or any particular design style, a great space that is specifically designed to cater the needs of the users, improves life. We love life. And in every project, we start with a goal: a better wellbeing."
"AbadiNusa Group Of Companies","+62 226865318","Manufacturing/Production","Regular hours, Mondays - Fridays","501 - 1000","Parking, Medical, Dental","Bahasa Indonesia","","AbadiNusa Group is purely a family owned company, established in 1980 as a trading company. We are a dynamic team and carefully selecting the quality products to be presented to our customers. We offer the excellent after sales service which is supported by highly dedicated and factory trained engineers and becoming our strong determination of the company image.\nThe Passion Project from 1990 to 1993 by considering the benefit of country natural resources, competitive resource and having advance technology on rubber processing has made a great success and accelerated the business growth and placed the company as a world leader in the sphygmomanometer business.\nDue to the high market demand in this industry, AbadiNusa Group will keep on developing the business and remain on its core as the leading edge of advancements in medical technology platform."
"AbankIrenk Creative","+62 85743942222","Arts/Design/Fashion","Monday - Saturday","201 - 500","Medical, bonus target","Bahasa Indonesia","","Abankirenk merupakan yearbook organizer pertama dan terbesar di Indonesia, dengan jumlah customer dan kantor cabang yang tersebar di hampir seluruh wilayah, mengajak kamu yang muda, menarik dan enerjik untuk bergabung ke dalam sebuah pengalaman besar dan berkeliling Indonesia bersama tim Abankirenk."
"ABC Laboratorium (PT Abacus Bhineka Citra)","+62 21-5301390","Healthcare/Medical","Mondays - Fridays, Saturdays (half day)","51 - 200","Medical","Bahasa Indonesia","","Amerind Bio-Clinic Laboratorium main clinical laboratory is known as the Central Laboratory in Indonesia. ABC Laboratorium provides a variety of laboratory tests which include complete examination from routine to high-tech examinations such as PCR.\nBacked by professional management, advanced equipment and human resources that are competent in their field of expertise, and an International Medical Laboratory accreditation ISO 15189:2007 by the Komite Akreditasi Nasional (KAN), ABC Laboratorium provides the best, most reliable and quality services to all its customers.\nABC Laboratorium also offers a range of facilities that provide convenience to customers such as: Home Service, Internet Reporting with different language options, specimen collection through in-house courier service, and various services."
"ABC kids BRIGHTON","+62 2184598181","Education","Regular hours, Mondays - Fridays","51 - 200","lunch, pension, Medical","English","","We are a National Plus School, located in Cibubur area. Our school has three levels of education; ABCKids Kindergarten (KG), ABCKids Elementary, and Brighton Junior High School. We have 5 locations of KG around Cibubur, 2 locations of elementary and 1 location of Junior High School."
"Abdi Teknik Elevator","+62 21-8830368","Electrical & Electronics","Regular hours, Mondays - Fridays","1 - 50","Medical","Bahasa Indonesia","","Kami adalah sebuah perusahaan yang mengkhususkan diri bergerak di bidang pengadaan jasa dan pemasangan ELEVATOR dengan memberikan pelayanan yang berkualitas dan optimal kepada para pengguna jasa kami dan ditunjang dengan system manajemen pelayanan terbaik dan didukung oleh sumber daya manusia yang berpengalaman dan profesional membutuhkan kandidat :"
"ABeam Consulting Indonesia","+62 21-30060070","Consulting (Business & Management)","Regular hours, Mondays - Fridays","51 - 200","Jamsostek","English – Indonesia","","ABeam Consulting is one of top management consulting firms operating globally with more than 4,000 consultants including Japan, Asia, US, and Europe. PT ABeam Consulting Indonesia is providing consulting services to various enterprises in the wide range of industry sectors. Our service offering includes business & IT strategy, operation improvement, system integration and enterprise applications implementation (ERP), and application management outsourcing.\nCurrently we are looking for a motivated and qualified individual to fill the following position"
"Abie Costume","+62 2131908166","Textiles/Garment","Monday-Saturday","1 - 50","","Bahasa Indonesia","","We are one growing company that specializes in tailorig Men's Suit, Uniform and garment business. We have established since year 2000 and still growing."
"Absolution Registered Tax Consultant","+62 315682743/081703696799","Accounting/Audit/Tax Services","Regular hours, Mondays - Fridays","1 - 50","Miscellaneous allowance, Loans, Medical","Bahasa Indonesia","","Perusahaan kami, Absolution, merupakan perusahaan yang bergerak dalam bidang konsultasi perpajakan dan keuangan. Kami merupakan perusahaan konsultan lokal terkemuka dengan sumber daya manusia yang berpengalaman. Visi kami adalah memberikan hasil yang terbaik bagi klien-klien yang ada serta karyawan-karyawan dari Absolution sehingga kita bisa sama-sama bertumbuh dan berkembang."
"Acacia House Preschool","+62 21-53678356","Education","Regular hours, Mondays - Fridays","1 - 50","-","Bahasa Indonesia","","Acacia House is a preschool for young children offering a holistic and nurturing environment. We are dedicated to helping children foster necessary skills such as creativity, independence, curiosity and critical thinking. We offer an engaging, comprehensive curriculum that celebrates each and every child’s efforts as they take their first steps on a lifelong path of learning and growing.\nPhilosophy\nOur programmes are designed to help young children grow and discover their potential. By engaging each child in a dynamic, fun-filled environment, we create opportunities to build upon the strengths and interests of our students.\nThroughout Acacia House programmes there is a strong focus on the acceptance and respect of self and others. Children are encouraged to appreciate their immediate and the wider environment with the aim of becoming independent and caring global citizens.\nOur Vision\nExcelence in preschool education\nOur Mission\nTo benefit children, families and the community through best practices in early childhood education"
"Acc Metro Express","022-20524889","Transportation/Logistics","Monday-Saturday","1 - 50","","Bahasa Indonesia","","We provide Professional Import Services (Door-to-Door) from China, Singapore, Hongkong, Korea, Taiwan, Bangkok to Indonesia. Such as Air Freight and Container Load."
"Abu Corporation Makassar","+62 21 22709996","Travel/Tourism","","201 - 500","","","","Abu Corporation adalah perusahaan yang bernaung di bawah PT. Amanah Bersama Umat. Abu Corp merupakan induk dari beberapa unit bisnis yang bergerak dalam bidang travel umroh, kuliner, media, percetakan, dan lain sebagainya."
"AccelByte Inc","+62 2742833638","Computer/Information Technology (Software)","Regular hours, Mondays - Fridays","1 - 50","Health and Social Insurance, Company Laptop, Free Breakfast & Lunch.","English","","AccelByte Inc is a Seattle based software and technology company that focuses on developing, deploying and operating highly visible, critical, secure, scalable and highly available consumer facing ecosystem of online services, websites and cloud infrastructure that serves millions of users.\nWe collaborate with our clients to craft custom software and technology solutions that run on the cloud to solve our clients' needs. We strive to achieve the best quality while keeping the development cost down and upfront investment to a minimum. We do so by combining the latest cloud technologies with experienced onshore and exceptional offshore talents.\nWe operate in various business verticals. Our clients are ranging from game developers and publishers to cloud solution providers."
"AccorHotels Indonesia (PT AAPC Indonesia)","021-5744414","Hotel/Hospitality","Regular hours, Mondays - Fridays","51 - 200","Medical","English","","AccorHotels Asia Pacific is the leading international hotel management company with over 600 properties in 17 countries around the region under its Sofitel, Pullman, MGallery, Grand Mercure, Novotel, Mercure, ibis, ibis Styles, and ibis Budget brands. AccorHotels Asia Pacific is part of Paris Based, Accor SA, the European leader in hotels, tourism and corporate services with over 4,000 hotels worldwide."
"Ace Education ( Jakarta )","+62 2156947488","Education","","1 - 50","","Bahasa Indonesia & Bahasa Inggris","","OUR VISION\nTo be trustworthy and reputable overseas education provider with professional services\nOUR MISSION\nProviding high quality and trustworthy services with respect to customer\nConsistently improving performance for better services\nBuilding good working environment and creating opportunity for self improvement\nOUR VALUE\nSpirit of SERVICE & QUALITY, TEAM WORK, TRUST & RESPECT for the individual"
"Acer Center Pademangan","+62 274-541798","Retail / Merchandise","","1 - 50","","","","Acer Center Adalah Perusahaan yang Bergerak di bidang Retail Dan berlokasi di Yogyakarta yang sedang berkembang. Saat ini kami sedang Membutuhkan karyawan Profesional Untuk bergabung bersama kami menempati Posisi :"
"Acrodelon Pty Ltd","+62 81558900670","Consulting (IT, Science, Engineering & Technical)","Regular hours, Mondays - Fridays","1 - 50","Medical","English","","We are a venture incubator & accelerator working with multiple technology startups. Our core competencies include technology, product innovation and execution. We are now building other competencies that would help our startups even more. All of the startups that we work with have the potential to change the status quo for the better, to be disruptive, in the space that they target.\nThe team comprises of super smart people, many with significant feathers in their caps. They work from around the globe. In some locations we have offices and in many, we don’t. We are a truly distributed team. All our tools and systems are, of course, location agnostic, and we believe that is the only way to be.\nIf you are super smart and deliver consistently, you could even get away with working from a beach in Bali or a corner cafe in Prague."
"Achic Consultan","031-3813398","Property/Real Estate","","51 - 200","","","","ACHIC CONSULTANT merupakan perusahaan yang bergerak dalam bidang kontraktor dan konsultan bangunan yang sedang berkembang di Surabaya. Saat ini membutuhkan karyawan yang memiliki motivasi tinggi untuk berkembang, jujur, dan ulet.\nSaatnya Anda bergabung bersama kami untuk menempati posisi terlampir."
"ACG SCHOOL JAKARTA","021-29780200","Education","Regular hours, Mondays - Fridays","51 - 200","Medical, Vision, Transport & Meals allowance","English","","ACG School Jakarta is a member of the Academic Colleges Group (ACG) - a leading independent provider of educational programmes in Indonesia, Vietnam and New Zealand.\nOur campus is conveniently located in South Jakarta and is easily accessible from the Ring Road. We serve the local and expatriate communities of Jakarta, with students from 42 countries, aged from 3 years to 18 years old. ACG School Jakarta delivers both the International Baccalaureate and Cambridge International curricula."
"ACT Education Solutions, Limited","021 - 31991451","Education","Regular hours, Mondays - Fridays","1 - 50","-","","","ACT Education Solutions, Limited (AES), a wholly owned subsidiary of ACT Inc, is looking for a Regional Academic Manager to be based in our Jakarta office. This person will, among other duties, be responsible for the academic management of our programs in schools in the Indonesian region. Our major program is the Global Assessment Certificate® (GAC), a leading university preparation program for students who do not speak English as their first language.\nOver a short span of less than a decade, AES has built a very solid reputation globally. We are looking for a dynamic person to part of our exciting future in the S.E. Asian region and more specifically Indonesia."
"Activa Marine Pte. Ltd.","021-29339389","Marine/Aquaculture","Regular hours, Mondays - Fridays","1 - 50","Medical, Parking, Vision","English","","Activa Marine is a new venture into Indonesian marine industry. We have over 30 years of experience in the marine sector with offices in Singapore, China and Malaysia. Our main scope of business is Marine Brokerage and Marine Investment.  Working Environment\nYou will be working in our startup office in APL Tower, Central Park. Please note that this office is a new setup and we are in process of establishing our representative office here."
"ACT Foundation","021-7414482","Non-Profit Organisation/Social Services/NGO","Regular hours, Mondays - Fridays","201 - 500","Medical","Bahasa Indonesia","","In April 21 2005, Aksi Cepat Tanggap was officially launched by law as foundation engaged in social and humanitarian fields. ACT develop its activities, ranging from emergency response activities, then expanded its activities into post-disaster recovery programs, empowerment and community development, as well as spiritual-based programs such as Qurban (Sacrifice), Zakat (Alms) and Waqf (Benefaction).\nSince 2012 ACT transform itself into a global humanitarian organization, with a wider range of activities. On a local scale, ACT developing a network to all provinces in the form of a volunteer’s network with Masyarakat Relawan Indonesia (MRI - Indonesian Volunteer Community) as the vessel and also in the form of ACT branch office network. The program activity is now within the scope of 30 provinces and 100 districts / cities throughout Indonesia.\nIn a global scale, ACT expanding its network in the form of representative persons and also provide offices overseas. The scope of global program activities are already up to 22 countries in Southeast Asia, South Asia, Indochina, the Middle East, Africa, Indo-China and Eastern Europe. ACT working zone on a global scale begins with contributing and give assistance in every human tragedy in many parts of the world such as natural disasters, famine and drought, conflict and wars, including the minorities’ oppression in various countries.\nOur Vision\nBeing a professional global humanitarian organization based on global philanthropy and volunteerism community to achieve better world civilization  Our Mission\nOrganize and manage a variety of humanitarian issues in a planned, conceptualized, integrated and sustainable, thus becoming ideal formula to solve various problems of humnaity either on a local, national, regional or global level.\nOrganize and manage any potensial generous global society as social capital to overcome the problems of humanity either on a local, national, regional or global level.\nOrganize and manage any potensial of global volunteer community as a social capital to overcome the  problems of humnaity either on a local, national, regional or global level."
"ADAMAR Recruitment & Selection","+62 21-2550 2666","Human Resources Management/Consulting","","1 - 50","","","contact@adamar.co.id","ADAMAR Recruitment & Selection is a fully Indonesian owned Recruitment & Selection Company. Established in 2014, ADAMAR Recruitment & Selection is a business brand of PT. Adamar Pelita Gemilang.  Our core business is to provide our client's needs of human resources necessities with the best fitting candidates. Our services are supported by experience Consultants and an integrated database system to ensure that our services can perform well in providing the right candidates for our client organizations.  We believe that every client will have their own specific necessities of human resources. Our existence is to provide customized tailored services to cater for our clients needs.  ADAMAR is a member of NPAworldwide, the global recruiting networks of recruiters. NPAworldwide allows us to be your single point of contact for all of your hiring needs globally.\nFor further inquiries & information, kindly drop us an e-mail at: contact@adamar.co.id"
"ADARU serviced apartment","021- 45870869","Property / Real Estate","Regular hours, Mondays-Fridays","51 - 200","Medical","Bahasa Indonesia Dan Inggris","","Adaru serviced apartment yang bergerak di bidang property management khususnya apartemen yang terkonsentrasi di daerah kelapa gading permai Jakarta utara. Kami menyediakan jasa penyewaan apartemen untuk periode harian bulanan tahunan dengan harga terjangkau dan kualitas terbaik. Kami juga melayani jual beli ataupun investasi properti berjangka di bidang apartemen khusus daerah kelapa gading permai."
"Adaro Group","+62 21-25533000","Mining","Regular hours, Mondays - Fridays","2001 - 5000","Medical","Bahasa Indonesia","","Adaro Energy and its subsidiaries currently deal in coal mining and trade, coal infrastructure and logistics, and mining contractor service. Each operating subsidiary is positioned as an independent and integrated profit centre so that Adaro Energy has competitive and reliable coal production and a coal supply chain that produces optimum shareholder value. In the future, Adaro Energy may publicly list the strong performing subsidiaries to support further growth and development."
"Adco Property Group","+62 215481138","Property/Real Estate","Regular hours, Mondays - Fridays","51 - 200","Miscellaneous allowance, Education support, Loans,","Bahasa Indonesia","","Adco Property Group adalah gabungan dari beberapa perusahaan Adco, yang bergerak dibidang property yang sudah berdiri selama kurang lebih 20 tahun. Dalam kurun waktu tersebut Adco Property Group telah membangun lebih dari 7000 unit rumah mulai dari jenis rumah sederhana sampai rumah mewah/real estate yang tersebar di Jawa Timur, Jawa Barat, Banten dan Jabodetabek.\nAdco Property Group dipimpin oleh Ir. H. Fuad Zakaria, mantan ketua Asosiasi Pengembang Perumahan dan Permukiman Seluruh Indonesia (APERSI) selama dua periode, 2003-2006 dan 2006-2010.\nBerjalan dengan visi Adco sebagai perusahaan bidang perumahan dan permukiman yang handal, dan dapat dipercaya sesuai tuntutan globalisasi dengan etika bisnis, dan profesionalisme, Adco Property Group memiliki misi untuk dapat selalu menyajikan hunian yang layak, nyaman dan berkualitas serta cocok untuk investasi.\nSaat ini Adco Property Group sedang menangani 3 proyek, antara lain:\nSerpong Suradita Residence - Cisauk, Tangerang\nThe Billabong Soeta - Jl. Soekarno - Hatta, Bandung\nBumi Persada Residence - Gresik, Surabaya"
"AdAsia Holdings","+62 2130007807","Advertising/Marketing/Promotion/PR","Regular hours, Mondays - Fridays","51 - 200","Medical, Miscellaneous allowance","English","","AdAsia Holdings is a technology company developing solutions across various industries. Along with the company’s proprietary AI-driven matching engine, AdAsia Holdings provides businesses and professionals with a suite of solutions to achieve greater efficiency and scale. Having launched in April 2016, The company provides integrated end-to-end solutions for marketers, advertisers and publishers through a single dashboard. Headquartered in Singapore, AdAsia Holdings is a strong believer in localized support and has a strong Southeast Asian presence. The company plans to further expand into every market in Asia, localizing solutions to suit each market’s needs."
"ADCO Attorneys at Law","+62 21-52903034","Law/Legal","Regular hours, Mondays - Fridays","1 - 50","Medical","both Indonesia & English","","ADCO is a corporate and commercial practice law firm based in Jakarta, Indonesia, renowned for the positive way it works.\nOur commitment is revealed in our understanding of clients' objectives, our efficiency in workflow arrangement, and our straightforward approach to any legal issues. We have a very trustable work ethic and also very professional legal practitioners.\nAlthough we are considered relatively new, but we make sure that our legal service is excellent. It’s based on our lawyers wide range experience in assisting many local and foreign clients, as they were key members in one of the largest law firm in Indonesia."
"Adi Daya Unggul","+62 21-62307688","Retail / Merchandise","Saturdays or Shift required","1 - 50","Miscellaneous allowance","Bahasa Indonesia","","Kami adalah perusahaan yang bergerak dibidang retail & saat ini usaha kami sedang mengalami perkembangan dengan pesat, kami sedang membutuhkan karyawan yang profesional untuk ditempatkan pada posisi sebagai berikut :"
"Adidas Group","+62 21-5229780","Retail/Merchandise","Regular hours, Mondays - Fridays","51 - 200","Medical","Bahasa Indonesia","","At adidas Group, our love of sport drives who we are and what we do. But just as a ball is more than leather and thread, and a shoe more than padding and plastic, we are bigger than our products. We dont just work to create faster shoes and lighter fabrics: We strive to help athletes everywhere perform their best. We believe that its hard work inventing the future of sport, and thats why we love it; that when you push your limits, you make it possible for others to push theirs.\nAt adidas Group, this drive it what connects us, whether were working for TaylorMade, adidas, Reebok, or Rockport. Were all working toward a future motivated by passion, original thinking, and the desire to build upon a proud legacy.\nFrom design to production to logistics to technology, every role in all our brands is connected to this. Our roles span the range of our brands, as well as spanning the globe. No matter what you do, or what country or city you do it in, your work helps make greatness possible"
"Adikbayi.com","+62 2193772307","Retail / Merchandise","","1 - 50","","","","Distributor dan Online-Store Perlengkapan Bayi ibu hamil dan menyusui terkemuka di Indonesia, dalam mamanuhi kebuthan pelanggan dan peningkatan service kepada seluruh konsumen makan saat ini kami mencari profesional jujur, ramah, handal, dan inovatif untuk mengisi jabatan:"
"Adira Quantum Multi Finance (Yogyakarta)","+62 274871055","Banking / Financial Services","Regular hours, Mondays-Fridays","51 - 200","Medical","Bahasa Indonesia","","PT Adira Quantum Multifinance merupakan salah satu perusahaan pembiayaan terdepan di Indonesia yang bergerak di bidang pembiayaan barang-barang konsumen seperti elektronik, komputer, furnitur dan peralatan rumah tangga.Pada tahun 2004, PT Adira Quantum Multifinance bergabung dengan PT Bank Danamon Indonesia Tbk,. Hal ini semakin menguatkan posisi perusahaan sebagai perusahaan pembiayaan terkemuka di Indonesia.Pada tahun 2008, merek dagang Adira Kredit diperkenalkan untuk pertama kali di pasar."
"Adnan Buyung Nasution And Partners","+62 21-29203555","Law/Legal","Regular hours, Mondays - Fridays","1 - 50","Medical, Miscellaneous allowance, Education support, Loans, Dental, Parking","Bahasa Indonesia","","Since I founded Adnan Buyung Nasution and Associates (ABNA) in 1969, we have grown to become one of the largest law firms in Indonesia, with offices in Jakarta, Bandung, Surabaya, Bali and Samarinda. Against a backdrop of rapid national economic development the firm has undergone several changes of name.\nEach 'metamorphosis' has brought with it new experiences and enriched our knowledge and today Adnan Buyung Nasution and Partners (ABNP) is widely recognized for its integrity and broad depth of legal expertise.\nRegeneration and rejuvenation demand fresh perspectives and renewed vitality. One of my major goals has always been to promote the development of the nation's bright young attorneys. These young lawyers share ABNP's values and have progressed impressively in their own respective fields.\nThe constant influx of keen and inquiring mind has, I believe, served the firm well in our quest to uphold the law, seek the truth and justice and work towards our ultimate goal of realizing a healthy legal tradition for our country."
"Adonis Perfect Your Body","0274-3003008, 0274-7","Environment / Health / Safety","","1 - 50","Sports (e.g. Gym)","Bahasa Indonesia","","Kami salah satu pusat kebugaran/fitness yang berlokasi di Yogyakarta dengan nama ADONIS, saat ini sudah mempunyai 2 (dua) cabang di Jl. HOS. Cokroaminoto Ruko Cokrosquare Kav. J dan Ruko Gejayan Square no 4 Yogyakarta. Buka Senin – Sabtu jam 06.00 – 24.00\u000bMinggu jam 15.00 – 21.00 Alat-alat modern teknologi baru, instruktur berpengalaman, Ruang nyaman ber-AC, 3 lantai, Full Music dilengkapi Sauna, Shower (Panas/Dingin) dan Cafe FITNESS & CARDIO- Dilengkapi alat dan cardio baru.- Dengan program komputer, kami akan mencatat perkembangan ukuran tubuh Anda untuk menjadi seorang ADONIS PERSONAL TRAINER- Personal trainer bersertifikasi KONSULTASI GIZI- Layanan konsultasi gizi AEROBIC- Instruktur yang berpengalaman, bersertifikasi dan ramah akan selalu mendampingi CAFE- Untuk mendukung pembentukan tubuh ADONIS, disediakan menu makanan sehat guna memenuhi asupan gizi anggota- Ada juga disediakan menu-menu non-diet SAUNA- Bagi para anggota yang ingin menggunakan fasilitas sauna, tidak dikenakan biaya tambahan PROGRAM-PROGRAM ADONIS FITNESS- Body Shapping- Fat Loss- Muscle Building- Pre-Wedding Body Shapping- Six Pack- Pasca Melahirkan- Terapi SENAM- Aerobic Low & High Impact- Body Languange- Body Combat- Fun Aerobic"
"Aditya Group","+62 87877225624","Food & Beverage/Catering/Restaurant","Regular hours, Mondays - Fridays","51 - 200","Medical","Bahasa Indonesia","","We’re Growing Retail, Food & Beverage Company. One of our brand named Douwe Egbert Coffee, a Global Coffee Brand has been around since 1753, and currently operating in 50 Countries. We are looking for energetic, ambitious, talented individual and passion to F&B industry to join our team."
"ADOP Indonesia","+62 2130497493","Advertising/Marketing/Promotion/PR","Regular hours, Mondays - Fridays","1 - 50","Medical","English-Bahasa Indonesia","","ADOP is a leading advertising platform based in Korea which provides comprehensive solutions to facilitate both the advertisement selling and buying process. Our services includes site revenue optimization, free ad serving, programmatic buying and selling, filtering and free news app. ADOP has a tight-knit partnership with Google in several markets and is a Google Certified Publishing Partner (GCPP) in Korea. ADOP also has cooperations with both local and regional ad networks and exchange platforms including Rubicon Project, BidSwitch, Criteo, SpotX, Admeta, PulsePoint, Videology, Daum, RealClick, Wider Planet and more.\nADOP Awards:\n- Best Growth Award 2014 for \"Google AdSense Certified Partner\"\n- Best Practice Award 2014 for \"Google AdSense Certified Partner\"\n- 1st Tier of \"Google Certified Publishing Partner\" 2015"
"Adora Super Club","+62 361 8948186","Entertainment/Media","shifting time, split, office hour, depend on dept","51 - 200","Medical","Bahasa Indonesia","","According to the positive growth of hotel & property industry in Bali, it opens a potential business opportunities in entertainment industry . So here it comes… The most ambitious project of the year in Bali's nightlife industry. A super venue with the finest entertainment. Like Space in Ibiza or Zouk in Singapore, it's the new icon of Bali…. ADORA SUPER CLUB SOUL AND DESTINASION We have four outlet Adora – Super Club, 43 Karaoke Room, Brew Market, 73 room Nilo Spa and Lounge."
"Ads Cash","+62 2180869597","Advertising/Marketing/Promotion/PR","","51 - 200","","English","","AdsCash A New Decentralized Cryptocurrency Exclusively Made For AdWorld Space.\nAdsCash is the multifunctional next generation cryptocurrency for the Adworld based on Ethereum blockchain using cutting edge smart contract feature.This currency will be used for Online Advertising transactions worldwide, replacing the traditional values.\nAdsCash uses ethereum blockchain to enable people to trade and do business with trust in the trustless world with immutable transactions.\nTrade and exchange Adscash in a transparent, conflict-free way, while avoiding the services of intermediaries in the advertising world.\nAdvertiser can buy AdsCash to pay advertisement fee to the publisher and publisher can sell Adscash gained as advertisement fee in exchange market. Secure and condition based transactions using smart contract feature of ethereum.\nAdscash a new way to monetize online advertising world through simplified frictionless micro-payments.Advertisers can use AdsCash as an incentivised and token based money to make loyal online customers."
"ADPOST.co","+62 82 07044010220","Computer/Information Technology (Software)","Regular hours, Mondays - Fridays","1 - 50","","English","","ADPOST.co is a professional, scientific and technical activities/information and communications Digital Marketing Agencies company based in South Korea. Our company focus on Media Advertising Agencies and System Software Development and Supply. Headquartered in 611, 6th Floor, 51, Yeoksam ro 17 gil, Gangnam-gu, Seoul, South Korea, ADPOST.co will open branch office in Indonesia on 8th March 2017. The ADPOST.co vision is to grow and to allocate capital to the best opportunities on South East Asia region. ADPOST.co make the world that create dream, imagination and freedom through mobile. We will show you advertising impact with accurate data. We will be your partner and grow together with you."
"Adrian Motor","0271-667663","Automobile / Automotive Ancillary / Vehicle","Saturdays or Shift required","1 - 50","","Bahasa Indonesia","","Adrian motor adalah perusahaan perseorangan yang bergerak di bidang perawatan dan penjualan suku cadang sepeda motor (umum). Sebagai salah satu FOC (Federal Oil Center) kami menyediakan oli Federal untuk motor anda, juga menyediakan oli merk lain mulai dari pertamina, yamalube, motul, evalube, dll. Kami juga menyediakan spare part mulai dari sepeda motor bebek, old type, sampai motor-motor matic baru. Spare part kami sediakan untuk beragam pilihan dari genuine part (Ymh, Hd, Szk) dengan kualitas terjamin, juga terdapat part non genuine (KGW, MPM, VR, YKW) Selain bergerak dibidang sepeda motor, kami juga sedang mengembangkan usaha di bidang jasa konsultan struktur bangunan. JOIN US & GROW WITH"
"ADR Group Of Companies (PT Selamat Sempurna tbk)","021-5984388","Automobile/Automotive Ancillary/Vehicle","Regular hours, Mondays - Fridays","More than 5000","Medical, Loans, Dental, Sports (e.g. Gym), Parking, Vision","Bahasa Indonesia","","ADR Group is a group of companies focusing its activities in the production and distribution of automotive components. It was established in 1973 with its first company, CV Auto Diesel Radiators Co., of which the name ADR originated from.\nCurrently ADR Group has four business divisions : Automotive, Agro, Property and Financial Services Division.\nADR Group Automotive  Division has 6 manufacturing Companies and 4 Distribution Companies.\nMANUFACTURING COMPANIES\nADR Group's manufacturing companies are located in Kapuk, Jakarta on a 5-hectare land and in Tangerang, Banten, on a 75-hectare land.\nPT. Selamat Sempurna Tbk. \nThe flagship of ADR Group and currently one of the largest filter & radiator manufacturers in the region. Sakura filter trademark has been registered to more than 90 countries worldwide.\nPT. Panata Jaya Mandiri\nA joint venture company with Donaldson Company Inc. USA (a worldwide leader in filtration industry). The Company manufacturers filtration products for heavy equipments, gas turbines, industrial engines, cinstruction equipments & automotives\nPT. Hydraxle Perkasa\nBegan its operation by assembling dump trucks & hoists and special purpose vehicles. The company subsequently made further investments in a steel centre, tool & die, mould, and machinery centre.\nPT. Selamat Sempana Perkasa\nManufactures rubber O-rings, rubber components, rubber compounds, polyurethanes, and plastisol adhesives for automotive industries. The products are exported to various countries.\nPT. Rubberindo Unggul Perkasa\nManufactures rubber compounds for automotive parts industries.\nPT. Dinamikajaya Bumipersada\nSpecializes in manufacturing engine gasket kits, plastic injection parts, and packaging.\nDISTRIBUTION COMPANIES\nPT. Prapat Tunggal Cipta\nSpecializes on the distribution of the Group's products in Indonesian aftermarket sectors\nPT. Mangatur Dharma\nA trading house and represents Donaldson products. Its role in Indonesia is to provide technical sales to various industries, ranging from power plants to oil and gas industries.\nPT. Cahaya Mitra Gemilang\nSpecializes in the distribution of the group's products in North Sumatra and Nanggroe Aceh Darussalam (or aftermarket sector).\nPT. Prima Auto Indonesia\nA Sole Agent/ Distributor of Baotou Bei Ben Heavy Duty Truck Co. Ltd. Its products are widely used in industries, such as Mining, Harbor Management, Forestry, and Construction & Transportation.\nThe group marketing strategy is to serve several sectors. OEM/OES, replacement and contract manufacturing play equal role.\nOur contract manufacturing business allows us to manufacture for key industry leaders in automotive component business, corporate whole sellers and retailers. To remain competitive in the global markets, high quality and products performance are not an option but a prerequisite.\nCoupled with excellent services, quick response and cost advantage, we believe that these would lead us to achieve our motto “To Give the Customer a Better Choice.”\nList OEM/OES Supplier of\nBei Ben - Chery - Chevrolet - Daihatsu - Ford - Foton - Greatwall - Hino - Hitachi - Holden - Honda - Hyundai - Isuzu - JCB - KIA - Kobelco - Komatsu - Kubota - Mazda - Mercedes Benz - Mitsubishi - Nissan - UD Trucks - Suzuki - TCM - Toyota - Yanmar - Shanghai Diesel Engine - Anhui Hualing Automobile - Shantui Construction Machinery, etc.\nOur export networks have reached to more than 115 countries. Australia Netherland China Russia Ecuador Singapore France Switzerland Germany Taiwan India Thailand Italy U.A.E. Japan U.S.A. Korea United Kingdom Malaysia Vietnam Myanmar Etc."
"Advance (Yogjakarta)","0274-4399522","Healthcare / Medical","","1001 - 2000","","","","ADVANCE is a brand for healthy equipment that has established since 1994. Being a market leader in healthy lifestyle products, ADVANCE offers wide range of healthy lifestyle products with innovative technology, design and functions"
"Advanced Publishing Technology, Inc","+1 (818) 557-3035","Computer / Information Technology (Software)","Regular hours, Mondays-Fridays","1 - 50","flexible working hours, work from home","English","","Since 1991, we have developed, enhanced and sold the Falcon (previously known as ACT) software suite. Falcon software is currently installed in over 300 publishing companies world wide. We are on the leading edge of development of web based software and services."
"Advanced Technologies Pacific","021-57998760","Computer/Information Technology (Hardware)","Regular hours, Mondays - Fridays","1 - 50","Medical, Miscellaneous allowance","English","","PT Advanced Technologies Pacific is a established IT solutions company covering Trainings, Services and Total IT Solutions in secured infrastructures.  Our core business goes into the following area\na. Training.  We are the official Official Training Partner for (ISC)² for Indonesia and will be conducting CISSP Trainings. Our in demand classes for now are CISSP Training, Big Data with Analytics and a new Cybersecurity Incidents Handling Class being launched in October 2017\nb. Consulting\nAs a security solution company and with our network of securtiy professionals we are in the biz of securing enterprise networks. We have done pen testing and is proven in this field\nc. Security and Cloud\nWe provide solutions into the enterprises for this area. We have one of the best team in Privilege Access and also in IDM and SSO.   d. Hyperconvergenced Infrastructure and Virtualization\nWe provided a total infra structure design from firewalls to switching to the back end storage/compute based on the new gen hyperconvergence backend\ne. Big Data and Analytics\nWe are one of the early trainers and educate the Jakarta market on the merits of big data and analytics.\nCurrently we run classes for Big data and also advanced Biz analytics for biz.\nOur engineers are Hadooped trained and certified and our trainers are experienced in big data and analytics."
"Advess","+62 2292554863","Computer/Information Technology (Software)","Regular hours, Mondays - Fridays","1 - 50","Medical, Miscellaneous allowance, Education support","Bahasa Indonesia","","Advess adalah tim yang terdiri atas orang-orang yang berkomitment, inovatif, kreatif, energik dan dinamis yang selalu berusaha mencapai integritas, kesuksesan dan hasil yang lebih baik. Kami bergerak dalam bisnis \"Business Solution\".   Dengan dukungan setiap anggota tim yang memiliki ide-ide inovatif, kreatif, energik dan dinamis, kami dapat menghasilkan produk-produk yang memiliki nilai tambah luar biasa, yang mampu memberikan manfaat dan pengalaman luar biasa bagi para klien kami.\nSaat ini kami sedang berkembang dengan cepat dan membutuhkan beberapa anggota tim yang memiliki komitment, inovatif, kreatif, enegik dan dinamis."
"AEROCITY","+62 8567497974","Property/Real Estate","fleksibel","1 - 50","penghasilan tidak terbatas","Bahasa Indonesia","","AEROCITY RESIDENCE merupakan perumahan yang humanis terletak di Palembang City sekitar 5 Menit dari Bandara Sultan Mahmud Badaruddin.\nKami tidak sekedar membangun perumahan tetapi tetapi membangun komunitas yang humanis, membangun warga untuk saling berinteraksi dan menciptakan lingkungan yang positif."
"AEON MALL BSD CITY","+62 21-29168500","Property/Real Estate","Regular hours, Mondays - Fridays","51 - 200","Dental, Medical, Vision, Miscellaneous allowance","English","","AEON MALL is the core business of AEON-Japan's Largest retail group and specializes in shopping mall development. We have opened shopping malls in various regions in Japan. We are targeting new growth through further expansion of its businesses based in Japan and at the same time ascelarate the shopping mall business in China and other Asian countries.\nWe as a specialized commercial developer, help to develop local communities by creating shopping malls and continuously raising value. We aim to create \"Towns with Vitality\", instead of just a collection of stores. To achieve our goal, we continue playing an active role in the shopping mall business from pre-development land appraising to daily operations and management."
"AEON Credit Service Indonesia,","021-29347200","Banking/Financial Services","Regular hours, Mondays - Fridays","1001 - 2000","Medical","English","recruitment@aeon.co.id","AEON companies in Japan and overseas apply a \"glocal (global + local) strategy\": global-class management systems tailored to local needs in a drive to be the best local retailer wherever we operate. Our business is based on large-scale shopping centers serving their respective communities with tailored services comprising GMS (general merchandise store) retail, supermarkets, drugstores, home centers, convenience stores, specialty stores, shopping-mall development, financial services, entertainment, food services and more. AEON is growing through internal expansion and strategic tie-ups that add new services, synergy and sales.\nProduct & Services\nFinancial Service, Consumer Finance, Credit Card and others.\nFind us @ :\nwww.aeon.co.id  or  www.aeon.info (AEON GROUP INFO)\nFor further information related recruitment process you can contact us to:\nrecruitment@aeon.co.id"
"AFFA INTELLECTUAL PROPERTY RIGHTS","+62 2183793812","Law/Legal","Regular hours, Mondays - Fridays","51 - 200","insurance, Parking, Miscellaneous allowance","Bahasa Indonesia, English","","AFFA Intellectual Property Rights was established in July 1999, brought into existence by a number of experienced IP professionals. Headed by Mr. Achmad Fatchy, AFFA Intellectual Property Rights has chosen Intellectual Property as its specialization. The team in AFFA believes that a total concentration in one field would ensure the quality of services to the clients. The said commitment together with technical expertise is matched by the team’s vast experience in serving the clients’ requirements within the boundaries of national and international markets.\nAdditionally, AFFA has strong international relations in almost any country in the world that provides assistance in the protection of our client’s intellectual property abroad and foreign clients requesting protection in Indonesia.\nMembers of AFFA are associated professionally with International Trademark Association (INTA), European Community Trademark Association (ECTA), ASEAN Intellectual Property Association (AIPA), Licensing Executive Society (LES), and Indonesian Intellectual Property Society (AKHKI)."
"Agatha Photo","+62 274-565262","Arts / Design / Fashion","Saturdays or Shift required","1 - 50","","Bahasa Indonesia","","Agatha Photo Kami merupakan salah satu industry fotography yang sedang maju dan berkembang berlokasi di Yogyakarta. Saat ini kami sedang membutuhkan kandidat yang dinamis & prosfesional sebagai berikut :"
"Agenda Resto And Vibes Jogja","+62 274-2871432","Food & Beverage/Catering/Restaurant","","Not Specified","","","","AGENDA offers wide variety of favorite Western and Asian cuisine, with emphasize on combining comfort food and the feel of easy dining. We believe our food should be served in good quality, while we aim to serve Western Cuisine in manner that will conform to local taste. Either a full-course meal, light bites or simply satisfying that dessert crave, we strive that our guests can always find something they need in AGENDA.\nWith full stock bar offering wine, classics cocktails and mocktails, AGENDA also proud to offer signature cocktails, handcrafted with passion by our bartenders.\nWith a full-grade espresso machine combined with artisan made blend of coffee beans, AGENDA promise to always deliver a good cup of coffee."
"AGE Dental Lab","+62 274-515879","Environment/Health/Safety","Monday-Saturday, Shift required","51 - 200","BPJS","Bahasa Indonesia","","\"AGE\" dental lab adalah sebuah perusahaan swasta independen yang bergerak di bidang jasa pelayanan dan pembuatan gigi tiruan (Hi-tech) dimana dokter gigi merupakan mitra kerja utamanya.\nAGE\" dental lab memiliki komitmen untuk membantu dokter gigi sebagai mitra kerjanya terutama dalam memberikan pelayanan kedokteran gigi yang lebih baik sebagai penyedia jasa pelayanan pembuatan gigi tiruan berteknologi terkini (Amerika dan Jerman) sehingga lebih menghasilkan produk gigi \"Aesthetic & Functionally\".\nKami membutuhkan kandidat berkualifikasi untuk ditempatkan sebagai :"
"Agrosubur Group","+62 536-4200202","Agricultural/Plantation/Poultry/Fisheries","","Not Specified","","","","Dengan berkembang pesatnya Teknologi Informasi dalam dunia bisnis, kami mengundang individu - individu yang berkualitas untuk dapat bergabung dan maju bersama perusahaan kami."
"Agni Sentral Motor","+62 2153160768","Automobile/Automotive Ancillary/Vehicle","Mondays-Saturday","1 - 50","Medical, Miscellaneous allowance","Bahasa Indonesia","","We are Agni Sentral Motor, a leading car accessories importir and distributor company, has stand firmly for more than 15 years in Indonesia. Over 250 dealership has registered in our network database, and still expanding. With more than 5 brands of well known window films, we claim to be the most prestigious window films distributors company.\nAs the market grows, so is our needs for human resources, therefore we are seeking highly motivated, positive minded, strong willed candidate to fill in our vacancy. We have a good working environment waiting for you. If you feel that you are the right person on the right time, we encourage you to click that \"APPLY\" button or send us your resume and application.\nAnd we hope you will be the ONE OF US soon !!"
"Agrinos ( Prima Group )","021-6619308","Agricultural/Plantation/Poultry/Fisheries","Regular hours, Mondays - Fridays","51 - 200","Loans, Dental, Miscellaneous allowance, Vision, Medical, Parking","English","","PT Agrinos located in Jakarta is a subsidiary of Agrinos SA, an International Company with its HQ in USA. Agrinos SA had subsidiaries in 14 countries worldwide. Agrinos is committed to improving the productivity and sustainability of modern agriculture with our range of High Yield Technology (“HYT®”) products. HYT® helps farmers to practice profitable agriculture by providing increased crop productivity, improved efficiency of conventional fertilizer and a reduced environmental footprint."
"Agrowisata Salatiga","+62 298 325498","Hotel/Hospitality","","Not Specified","","","","Agrowisata Salatiga\nEco Park Hotel, Convention and Camping Ground\nJl. Hasanuddin (Jl. Salatiga-Kopeng) Km. 4 Salatiga - Central Java - Indonesia\nPhone (0298)325498\nFax (0298) 327609\nWebsite : www.agrowisatasalatigahotel.com"
"Agung Jaya Textile","022-4231028","Textiles/Garment","Saturdays/Shift required","51 - 200","Loans","Bahasa Indonesia","","Kami merupakan perusahaan yang bergerak di bidang trading textile dan pakaian yang berdiri sejak tahun 2003 berlokasi di Bandung, membuka kesempata berkarir bagi para Lulusan Sarjana (S1) atau Sarjana Muda (D3) yang memenuhi syarat dengan mengikuti program rekrutment."
"AGS","+62 21-83708395","Transportation/Logistics","Regular hours, Mondays - Fridays","51 - 200","BPJS","Bahasa Indonesia","","With 4 324 employees and 147 branches, of which 128 are based overseas, AGS is the leading French group with an international presence in the removals and relocations industry.\nComplete client satisfaction is an essential goal underlying the activities of AGS. A key role player in the relocation of company executives, diplomats, members of international organisations and from the private sector, our strength lies in our strong knowledge of the market, our discipline, our client orientation and in our availability.\nAGS is a dynamic company which offers its members of staff real prospects for career advancement and growth within the company. The prosperity of the group is a result of our know-how and the professionalism of our employees."
"Agung Raka Resort & Villas","0361-975757","Hotel / Hospitality","Saturdays or Shift required","51 - 200","Bonus","Bahasa Indonesia & Inggris","","Bali Agung Raka Resort and Villa, the new modern minimalist Resort are built to complement the landscape that surrounds it, providing a sensational feeling of being in a beautiful village, with a stunning sunset view from the rice terrace. Located at Jl. Raya Pengosekan, Ubud - Bali, it just 10 minutes walking distance to Monkey Forest in Ubud. Bali Agung Raka Resort and Villa consist of 20 villas (one and two bedrooms villa) and 25 guest rooms inclusive of Superior and Deluxe Rooms located on 1st and 2nd floor. All guest rooms are set within building, 2-storey high with staircase access. Ideal for family holiday, honeymoon couple, groups of friends and more. Most of our villas are designed to mimic the general shape of a Balinese rice-barn, which has its lower space utilized as living space, and a bedroom on the second floor. Our villas are mostly constructed of wooden structure, bamboo, and thatched roof, which provide a stable cool temperature throughout the day, while an air conditioning system is in place in each room to further adjust it according to our guests’ preference. As added convenience feature, some of our villas are equipped with kitchenettes, and every room is equipped with telephone, mini bar, and a television set."
"Agung Sedayu Group","+62 2165868558","Others","Saturdays/Shift required","1 - 50","Miscellaneous allowance","Bahasa Indonesia","","Agung Sedayu Group adalah perusahaan pengembang properti terkemuka yang berpusat di Jakarta. Berdiri sejak 1971, kami mengkhususkan diri pada pengembangan properti sebagai solusi bisnis dan one-stop-living, dengan menyajikan kenyamanan yang ideal sekaligus kemudahan gaya hidup modern.\nPortofolio pengembangan kami tersebar di beberapa daerah prestisius di Jakarta, Bogor, Depok, Tangerang, dan Bekasi yang terdiri dari township, superblok, apartment, office tower, mall, industrial estate, hotel, dan lain sebagainya.\nKami senantiasa mengundang mitra dan investor yang berkeinginan menjajaki peluang bisnis yang unik dan menarik bersama Agung Sedayu Group."
"Agung Sedayu Retail Indonesia","+62 21 45867888","Property/Real Estate","Mondays-Fridays (Saturday 2 Time in 1 Month)","51 - 200","Jamsostek, Medical, Dental, Parking","Bahasa Indonesia","","Agung Sedayu Retail Indonesia otherwise known as ASRI is a sub-holding company of Agung Sedayu Group, one of major property group in Indonesia focusing in commercial, housing, apartment, and retail.\nWith more than 40 years of experience, Agung Sedayu Group has always in the best of interest for its customer to provide great location with profitable investment value.\nCurrently, ASRI has 2 malls located in Kelapa Gading, North Jakarta (Mall of Indonesia) and in South Bekasi (Grand Galaxy Park Mall), and upcoming at North Jakarta, Pantai Indah Kapuk (PIK Mall) in 2015 with 5 more coming up retail project across Jakarta to be opened between year 2015-2018."
"Ahimsa Restaurant","https://www.facebook","Food & Beverage / Catering / Restaurant","","1 - 50","","","","Ahimsa Restaurant bergerak di bidang Vegetarian Restaurant yang berada di Surabaya. Yang menyediakan berbagai macam Vegetarian Food. Saat ini sedang membutuhkan kandidat yang memiliki potensi untuk bergabung bersama kami untuk menempati posisi :"
"AHI Roofing","+62 21-3847618","Polymer / Plastic / Rubber / Tyres","Regular hours, Mondays-Fridays","1 - 50","Medical","Bahasa Indonesia","","..... DIBUTUHKAN SEGERA ..... AHI Roofing, perusahaan multinasional berkantor pusat di New Zealand, dan produknya telah dipasarkan di 80 negara didunia dan melakukan expansi besar besaran ke seluruh negara tersebut, membutuhkan tenaga profesional untuk pengembangan pasar diseluruh Indonesia."
"Ahmad Dhani School Of Rock (Surabaya)","+62 318496734","Education","Setiap Hari","1 - 50","Bonus","Bahasa Indonesia","","SEKOLAH MUSIK AHMAD DHANI “lahir” pada tanggal 7 April 2010, hasil kerjasama dan sinergi antara lembaga pendidikan PRIMAGAMA dengan musikus besar dan berkualitas AHMAD DHANI. Dengan kekuatan manajemen PRIMAGAMA dan kepiawaian AHMAD DHANI selaku pemusik yang cerdas dan berkualitas menjadikan SEKOLAH MUSIK AHMAD DHANI sebagai lembaga kursus Sekolah Musik yang memiliki perbedaan dan banyak keunggulan dibanding lembaga Kursus Musik lainnya. Misalnya kurikulum yang Spesifik, Added Value dan beberapa program yang siap menghantar siswa untuk Menjadi Pemusik , Menjadi Bintang , Maupun Insan Industri Musik yang Profesional."
"AIA Financial","+62 341722208","Insurance","Regular hours, Mondays - Fridays","More than 5000","Miscellaneous allowance, Education support, Vision, reward trip ke Luar Negeri","Bahasa Indonesia","","PT. AIA FINANCIAL (AIA) merupakan salah satu perusahaan asuransi jiwa terkemuka di Indonesia dan merupakan perusahaan asuransi jiwa yang terdaftar di dan diawasi oleh Otoritas Jasa Keuangan.\nAIA di Indonesia merupakan anak perusahaan AIA Group. AIA menawarkan berbagai produk asuransi, termasuk asuransi dengan prinsip Syariah, yang meliputi asuransi jiwa, asuransi kesehatan, asuransi kecelakaan diri, asuransi yang dikaitkan dengan investasi, program kesejahteraan karyawan, program pesangon, dan program Dana Pensiun (DPLK). Produk-produk tersebut dipasarkan oleh lebih dari 10.000 tenaga penjual berpengalaman dan profesional melalui beragam jalur distribusi seperti keagenan, Bancassurance dan Corporate Solutions (Pension & Employee Benefits).\nBerdasarkan Laporan Kinerja Tahunan Asuransi Jiwa Indonesia 2014 :\n- AIA menempati peringkat kedua perusahaan asuransi jiwa di Indonesia dalam hal Total Weighted Premium Income (TWPI) dengan pangsa pasar 10,3 persen. TWPI AIA tahun 2014 bertumbuh sebesar 23 persen dari tahun sebelumnya menjadi  Rp8,1 triliun.\n- AIA juga tercatat sebagai tiga besar perusahaan asuransi jiwa di Indonesia untuk perolehan New Business Total Weighted Premium Income (NBTWPI) dengan pangsa pasar 8,5 persen. AIA mencatat pertumbuhan NBTWPI sebesar 10 persen menjadi Rp2,3 triliun di 2014."
"Aim For English","+62 21-83785238","Education","Saturdays/Shift required","1 - 50","Medical","English","","Aim For English (Aim), conveniently located in the heart of Jakarta, has established a reputation for the providing the very highest quality language education for Indonesian adults. Aim is now a renowned centre for a wide variety of English language courses, specialising in academic English and business English. Aim attempts to push the boundaries in education every day. Pioneering educational technology, up-to-date teaching methodology, modern courses and the very best teachers combine to create an educational package second-to-none in Indonesia. The level of service and individual attention that all Aim students enjoy is something completely new for Indonesian language learners. In a revolutionary new concept in the English Language education industry, Aim is owned and run by the four founding partners, all of whom are highly qualified and experienced English instructors. Come to see for yourself the difference it makes when people put quality education before any other consideration. Quality education is Aim’s number one priority. All Aim staff have enthusiasm, ambition and a commitment to providing innovative educational solutions. From the moment you arrive at Aim, be prepared to experience a level of service, style and quality never seen before in Jakarta language centres."
"Aily Lingerie","+62 81285902528","Arts/Design/Fashion","monday -friday 8am-5 pm , saturday 12 am","1 - 50","","Bahasa Indonesia","","Aily lingerie bergerak dibidang underwear wanita, sekarang kami lagi mengembangkan penjualan online. Kami mengundang individu - individu yang berkualitas untuk dapat bergabung dan maju bersama perusahaan kami."
"Air China limited Jakarta Business Department","+62 2157938580","Aerospace/Aviation/Airline","","1 - 50","","","","Dengan berkembang pesatnya dunia bisnis, kami mengundang individu - individu yang berkualitas untuk dapat bergabung dan maju bersama perusahaan kami.\nWe offer challenging career development and good working environment, that enhance our professionals to keep growing."
"AIMIA","+62 21 52961988","Consulting (Business & Management)","Regular hours, Mondays - Fridays","51 - 200","Education support, Miscellaneous allowance, Dental, Medical","Bahasa Indonesia & Bahasa Inggris","","Loyalty management is the process of identifying, understanding and influencing best customers in order to build sustained, reciprocal and meaningful relationships that increase profits and drive long term enterprise value. We are Aimia and it is our vision to be the recognised global leader in loyalty management.\nAcross our global enterprise we offer a full suite of services delivered through three loyalty service streams :\nCoalition Loyalty – designing, building and managing multi-partner and shared currency loyalty programs around the globe\nProprietary Loyalty – designing, building and managing strategic business and customer loyalty programs for individual clients around the globe\nLoyalty Analytics – collecting, analysing and deriving actionable insight from customer data to deliver measurable marketing ROI for clients and partners around the globe\nHere in Asia Pacific, Aimia has proven experience in partnering with clients to deliver leading proprietary loyalty programs across the region. Our proprietary loyalty service experts design, launch and operate new client programs, re-launch, refresh and operate existing client programs and bring our digital, mobile and analytical expertise to bear on behalf of clients. As we continue on our journey to realise our vision to be the recognised global leader in loyalty management, we are actively building out our capability to offer increased services across the loyalty analytics and coalition loyalty streams.\nWe have recently taken full ownership of the Interact business in Jakarta. Interact is primarily known as a creative direct marketing and CRM agency. Now part of the Aimia family, the plan is to realise the enormous growth potential that the Indonesia market holds in Asia Pacific."
"Airav Putra","+62 374-42053","General & Wholesale Trading","Regular hours, Mondays - Fridays","1 - 50","Miscellaneous allowance","Bahasa Indonesia","","AIRAV PUTRA, kami adalah Perusahaan yang bergerak di distribusi consumer goods di pulau Sumbawa yang sedang berkembang dan berdiri sejak tahun 1960. Bekerja sama dengan leading principals untuk mendistribusikan produk mereka."
"Aira Skin Clinic","2-271-7577777","Healthcare/Medical","Saturdays/Shift required","1 - 50","","Bahasa Indonesia","","Aira Skin Clinic adalah Klinik Estetika yang sedang berkembang dan mengkhususkan kepada perawatan wajah berupa produk perawatan medis dan jasa perawatan kulit wajah dengan menggunakan teknologi terkini. Saat ini kami sedang ada kebutuhan sebagai :"
"Aira Creative","021-0000000","Consulting (IT, Science, Engineering & Technical)","Regular hours, Mondays-Fridays","1 - 50","Miscellaneous allowance, Sports (e.g. Gym), Medical, Dental","Bahasa Indonesia","","Salah satu perusahaan tambang terkemuka di dunia, melakukan eksplorasi, menambang, dan memproses bijih yang mengandung tembaga, emas, dan perak di daerah dataran tinggi di Kabupaten Mimika, Provinsi Papua, Indonesia.Kompleks tambang milik kami di Grasberg merupakan salah satu penghasil tunggal tembaga dan emas terbesar di dunia, dan mengandung cadangan tembaga yang dapat diambil yang terbesar di dunia, selain cadangan tunggal emas terbesar di dunia. Grasberg berada di jantung suatu wilayah mineral yang sangat melimpah, di mana kegiatan eksplorasi yang berlanjut membuka peluang untuk terus menambah cadangan kami yang berusia panjang."
"AIS Group","0411-458282","Manufacturing/Production","Regular hours, Mondays - Fridays","201 - 500","Education support, Dental, Medical, Miscellaneous allowance","Bahasa Indonesia","","AIS Group sebuah perusahaan swasta bergerak di bidang Mining Contractor, Land Transportation, Transportir dan General Trading.\nKeseluruhan bisnis ini dimulai sejak tahun 1993 dengan Kontraktor Sipil dan General Trading.\nTahun 2004 memulai bisnis Supplier Kebutuhan operasional pertambangan meliputi Steel, baut spesial dan bahan peledak beserta jasa peledakan.\nSetelah berjalan beberapa tahun dibawah naungan perusahaan PT. TKM dengan berbagai jenis usaha dan produk maka tahun 2012 bertransformasi dalam rangka mewujudkan prinsip efesiensi dengan nilai ekonomis serta meningkatkan produktivitas perusahaan sehingga akhir tahun 2013 menetapkan beberapa anak perusahaan dengan CORE Bisnis yang berbeda dibawah naungan PT. ANAK INDONESIA SUKSES sebagai Holding Company."
"AJ Bakery & Cake","021-45847034","Consumer Products / FMCG","Saturdays or Shift required","51 - 200","Parking, Loans, Medical","Bahasa Indonesia","","Kami adalah Perusahaan yang sedang berkembang pesat khususnya di bidang Bakery & Cake. Perusahaan kami saat ini ingin mencari kadidat yang berkualitas atau berpotensial, bisa bekerja sama, disiplin, rajin dan mau berkembang juga bersama perusahaan kami. Sehingga kita bisa sama-sama berkembang. Dan kami yakin anda merupakan kandidat yang kami cari."
"Akademi Keperawatan Bina Insan","021-43921275","Healthcare / Medical","Regular hours, Mondays-Fridays","1 - 50","Medical","Bahasa Indonesia","","Akademi Keperawatan Bina Insan Jakarta Berdiri sejak tahun 1995 melalui izin dari Departemen Kesehatan RI. dengan SK MenKes RI Nomor : HK.03.2.4.1.03318. Dalam proses penyelenggaraan secara akademik telah melaksanakan proses akreditasi dari departemen kesehatan sebanyak 3 (tiga) kali dengan nilai terakhir adalah B (81.84). Dalam perjalanan selanjutnya pada tahun 2009 Akademi Keperawatan Bina Insan Jakarta telah alih bina ke Kementrian Pendidikan Tinggi dengan SK Mendiknas RI No. 16/D/O/2009 tanggal 2 Maret 2009 dan perpanjangan ijin dengan Surat Kemendiknas cq. Kopertis III No. 8553/D/T/K-III/2011 tanggal 25 Agustus 2011.Akademi Keperawatan Bina Insan Jakarta berada di jenjang Pendidikan Diploma III Keperawatan dengan masa perkuliahan 6 (enam ) semester. Sesuai dengan Visi Akademi Keperawatan Bina Insan Jakarta yaitu menjadi institusi pendidikan yang menghasilkan tenaga keperawatan vokasi yang kompetitif di pasar kerja pada tahun 2014 maka kurikulum dikemas dengan jumlah 110 SKS, dengan rincian 96 SKS inti dan 14 SKS muatan pelengkap. Muatan pelengkap terdiri dari Kardiologi Dasar, K3 dan Bahasa Inggris Keperawatan.Dari awal alih bina dengan teratur Akademi Keperawatan Bina Insan Jakarta mengirimkan Laporan Pendidikan secara berkala ( EPBSBED ) ke Kopertis Wilayah III Jakarta dengan hasil penilaian mencapai 100%.Pada tahun 2012 telah melaksanakan proses Akreditasi oleh BAN – PT . Untuk staf dosen sebagian besar telah mengikuti pelatihan dasar pengajaran ( PEKERTI ) dan pelatihan Applied Approach (AA). Jabatan Fungsional dosen telah memperoleh Asisten Ahli. Untuk meningkatkan mutu dosen Akademi Keperawatan Bina Insan Jakarta secara berkala memberikan kesempatan kepada dosen untuk melanjutkan pendidikan ke jenjang yang lebih tinggi. Mulai periode tahun 2011/2012 hingga sekarang tiga orang dosen telah memperoleh dana BPPS (Beasiswa Pendidikan Pasca Sarjana ) dari DIKTI.Dalam memberikan pelayanan kepada mahasiswa, Akademi keperawatan Bina Insan Jakarta memfasilitasi mahasiswa untuk memperoleh dana bantuan beasiswa baik dari kemendiknas maupun dari instansi lain. Ditahun 2012 diperoleh dana beasiswa sebanyak 43 orang dengan sebaran 30 % untuk PPA (Peningkatan Prestasi Akademik) dan 70 % untuk BBM (Bantuan Belajar Mahasiswa)."
"Akademi Kesehatan Andalusia","0811-957-832","Education","Regular hours, Mondays - Fridays","1 - 50","","Bahasa Indonesia","","Yayasan Andalusia Nusantara (Akademi Kesehatan Andalusia Jakarta) merupakan salah satu Akademi Kesehatan di Jakarta yang memiliki komitmen untuk mencetak tenaga-tenaga profesional di bidang kesehatan.\nLokasi Kampus di Jl. Scientia Boulevard Gading Serpong Curug Kelapa Dua Tangerang"
"AKADEMI TEKNIK INFORMATIKA TUNAS BANGSA","+62 2122562567","Education","Regular hours, Mondays - Fridays","1 - 50","","English, Indonesia","","Akademi Teknik Informatika Tunas Bangsa is located in West Jakarta that provides 2 study programs: Information System and Accounting Information System. Both programs have been accredited by Badan Akreditasi Nasional Perguruan Tinggi."
"Akademi Teknik Telkom Purwokerto","(0281)641629","Education","","1 - 50","","","","Akademi Teknik Telkom (AKATEL) Sandhy Putra Purwokerto merupakan perguruan tinggi swasta dibawah binaan PT. Telekomunikasi Indonesia,Tbk melalui Yayasan Sandhykara Putra Telkom, AKATEL didirikan pada tanggal 31 Mei 2002 dengan SK pendirian Mendiknas Republik Indonesia nomor 111/D/O/2002.Saat ini AKATEL Purwokerto mempunyai satu program studi, yaitu D3 Teknik Telekomunikasi, yang merupakan program studi langka dan satu-satunya perguruan tinggi swasta di Jawa Tengah yang membuka program studi D3 Teknik Telekomunikasi. Hal ini menjadikan para alumni banyak dicari oleh para vendor telekomunikasi serta perusahaan di bidang telekomunikasi, informasi dan broadcasting.AKATEL Purwokerto sejak tahun 2010 dikelola bersama dengan Institut Teknologi Telkom (IT Telkom) Bandung sehingga kualitas pembelajaran dan pengelolaan dapat disetarakan dengan IT Telkom Bandung. Sampai saat ini AKATEL telah ter-akreditasi BAN-PT dengan nomor004/BAN-PT/AI-XII/Dpl-III/V/2012,dan pada tahun 2012 ini AKATEL Purwokerto telah mengajukan prubahan institusi menjadi Sekolah Tinggi Teknologi Telematika Telkom dengan program studi unggulan S1 Teknik Telekomunikasi dan S1 Teknik InformatikaSISTEM PEMBELAJARAN Metode pembelajaran di AKATEL Purwokerto menggunakan metode 60% Praktek, serta 40% teori. Selain itu juga AKATEL menerapkan pola link and match dengan dunia industri dalam wujud mewajiban para mahasiswa untuk magang diberbagai perusahaan telekomunikasi. Pembelajaran program studi D3 teknik telekomunikasi dapat diselesaikan dalam waktu 2,5 dan 3 tahun dengan jumlah beban studi yang diberikan kepada mahasiswa selama pendidikan adalah 120 SKS. dengan memberikan pengalaman perkuliahan menuju pembentukan keahlian professional dalam bidang INFOKOM. Kurikulum yang diberlakukan pada Program Studi D3 Teknik Telekomunikasi memiliki kandungan sertifikasi kompetensi dalam beberapa bidang, yaitu bidang komputer dasar, pemrograman mobile dan jaringan komputer serta kemampuan berbahasa inggris. Seluruh kompetensi tersebut wajib dimiliki oleh setiap mahasiswa hingga akhir masa studi. Sertifikasi kompetensi yang diperoleh merupakan sertifikasi resmi yang bersifat nasional maupun internasional. Daftar sertifikasi kompetensi tersebut yaitu:Keterampilan Komputer dan Pengelolaan Informasi (KKPI), Cisco Certified Network Associate (CCNA Level 1 - 4), Java Education Network Indonesia (JENI), Test Of English For International Communication (TOEIC Level 1 - 4) Secara periodik kurikulum AKATEL dilakukan evaluasi dan penyempurnaan untuk menampung dinamika yang berkembang pada industry dan jasa informasi komunikasi (INFOKOM). Kurikulum yang berlaku saa ini adalah kurikulum 2009 hasil penyempurnaan bersama antara AKATEL, Rearch and Development PT.TELKOM (RisTi), PT.Telkomsel, Assosiasi Satelit Selutuh Indonesia (ASSII), dan Institut Teknologi Telkom (IT Telkom) Bandung."
"Akademi Pariwisata Medan Hotel School","+62 61-7852956","Education","","1 - 50","","","","Akademi Pariwisata Medan Hotel School adalah sebuah lembaga pendidikan di wilayah sumatera utara medan.dan saat ini kami sedang membutuhkan staff baru untuk bergabung bersama kami untuk menempati beberapa posisi di antara nya"
"Akame Restaurant","+62 361- 8775442","Food & Beverage/Catering/Restaurant","Saturdays/Shift required","51 - 200","","indonesia dan inggris","","Warung Akame adalah sebuah rumah makan yang bernuansa alam di tengah- tengah hiruk pikuknya kota denpasar dan kuta, Warung akeme di klilingi oleh kolam pemancingan dan hutan mangrove yang luas, yang menyajikan makanan seafood dengan bahan- bahan yang segar.\nWarung Akame bukan hanya tempat makan tapi juga tempat rekreasi yang sangat nyaman dengan fasilitas yang lengkap"
"Akimurah.com (Surabaya)","031-70880909","Others","","1 - 50","","","","Akimurah.com adalah sebuah perusahaan yang bergerak dalam bidang Retail & Online Store Aki / Battery. Berlokasi di daerah kota Surabaya, saat ini kami sedang membutuhkan karyawan yang professional dan dinamis untuk posisi :"
"Akeno Digital Printing ( Malang )","Tel:  62-341-573712 \t\t\tFax: \t62-341-573713","Advertising/Marketing/Promotion/PR","","1 - 50","","","","Akeno Digital Printing adalah perusahaan yang bergerak di penyediaan produk layanan dan service Advertising - Outdoor di Malang 65144 Jawa Timur.dan saat ini kami sedang membutuhkan staff baru untuk mengisi posisi kasir dan design grafis"
"AKR Land Development","+62 21 5311555","Property/Real Estate","Regular hours, Mondays - Fridays","501 - 1000","Loans, Medical, Education support, Miscellaneous allowance","Bahasa Indonesia","","Inspiring Innovation, Exciting Life.. As a privately owned property company, AKR Land Development, is continuously developing luxurious and elegant properties at new heights. Our portfolios include resorts, residences, and commercial parks.\nProperties developed by AKR Land Development are designed to improve the quality of life of our residents and users. Concepts such as combining lifestyle with preservation of nature and thematic luxury concepts are implemented throughout the development of our properties.\nAKR Land Development is committed to create a balance between life and nature, which is why every project delivers a different kind of lifestyle, extraordinary luxury, pleasure and also profitable business. By applying the nature of preservation and sustainable development concepts, all properties are created in perfect harmony. Notwithstanding, the right business model is being implemented in the projects to pave the way for lucrative investment to the investors.\nWe are looking for potential candidates who dynamic, hard-working individual, with the ability to lead actively participation in towards our continuing success. To support our fast growth, we are seeking for highly qualified professional candidates to join our team."
"Aksen Tropis","+62 87830924200","Food & Beverage/Catering/Restaurant","Saturdays/Shift required","51 - 200","","Bahasa Indonesia","","Kami Perusahaan yang bergerak di bidang Batik atau Fashion, Developer, Guest House dan Restauran yang berdiri sejak tahun 2005. Saat ini kami sedang berkembang dan membutuhkan staf yang memiliki komitment dan visi jangka panjang, jujur dan bisa bekerja sama untuk bersama-sama memajukan perusahaan."
"Aksen Indonesia","+62 81806735317","Arts/Design/Fashion","Regular hours, Mondays - Fridays","1 - 50","","Bahasa Indonesia & English","","Established in 2015, AKSEN is a Jakarta-based branding consultant and graphic design studio. Known for our holistic approach in branding and design practices, our services revolve around the concrete and conceptual ideas that reinforce your brand such as business assessment, branding, graphic design, art direction, visual identity, content creation, physical & digital touch point, photography, and environmental design."
"Akses+ Jember","+62 331-489124","Banking / Financial Services","","1 - 50","","","","AKSES+ merupakan sebuah perusahaan yang bergerak dibidang pelayanan jasa PPOB (Payment Point Online Bank), melayani pembayaran online baik menggunakan mesin EDC maupun Internet banking. Kami mencari kandidat untuk menempati posisi sebagai :"
"Akur Optik Bantul","0274-386355","Retail/Merchandise","Saturdays/Shift required","51 - 200","","Bahasa Indonesia","","Akur Optik, Kami Perusahaan yang melayani Kebutuhan Konsumen yang khususnya di bidang perkacamataan atau optik Akur optik bantul berada di Yogyakarta saat ini kami membuka lowongan pekerjaan untuk kandidat baru"
"AkzoNobel","+62 217456777","Manufacturing/Production","Regular hours, Mondays - Fridays","201 - 500","Parking, Loans","English","","AkzoNobel\nThe World Of AkzoNobel\nEUR 14.6 Bio Revenue (as of end of 2014)\n80+ Countries\n49600 Employees\n200+ Production Sites\n+/- 100 International Brands\nAkzoNobel is a leading global paints and coatings company and a major producer of specialty chemicals. We supply industries and consumers worldwide with innovative products and are passionate about developing sustainable answers for our customers. We operate in a number of important market segments ranging from buildings and infrastructure to transport, industrial and consumer goods.\nOur portfolio includes well-known brands such as Dulux, Sikkens, and International. Headquartered in Amsterdam, the Netherlands, We're also the sector leader in sustainability and are number one in the renowned Dow Jones Sustainability Index. In practical terms, that means our sustainable solutions are in your lives, and those of your friends and family, every day: the differentiator that makes it possible for you to do what you need to do.\nWithout our products and technologies, you would find it difficult to go on a journey, sit in a room, or even enjoy a meal. If you want to create an inspiring environment, our huge range of indoor and outdoor paints can match every mood. If you want to look good, we make vital ingredients for face creams, hair products, perfumes and deodorants. Even in extreme situations, like being in a building that catches fire, our protective coatings can help structures stay intact for longer, giving you more time to escape.\nWith operations in more than 80 countries, our 50,000 people around the world are committed to delivering leading products and technologies to meet the growing demands of our fast-changing world.\nBusiness Area:\nDecorative Paints\nPerformance Coatings\nEnd-User Segment:\nBuildings and Infrastructure\nTransportation\nIndustrial"
"Al Jabr Islamic School","021-75913676","Education","Regular hours, Mondays - Fridays","51 - 200","lunch, Medical","Indonesia - English","","Al jabr Islamic School is a bilingual school (Indonesian – English at an international level with friendly environment. Educators give full attention to each students so that he/she develop their individual knowledge, skills, and attitudes. The school has strong parent involvement, is environmentally conscious, and practices the Islamic way of life.\nMission\nOur mission is to provide and maintain a high quality education for our community of learners to develop and maximize their potential through active learning and real life experiences to become well rounded individuals mentally, physically, emotionally and academically in creating a better world with the respect of Islamic values in a global community."
"Al Nutrition","+62 24-70580526","Agricultural / Plantation / Poultry / Fisheries","Regular hours, Mondays-Fridays","51 - 200","Miscellaneous allowance, Vision, -, Education support","Bahasa Indonesia","","AL-NUTRITION together with PT. SIDO MUNCUL PUPUK NUSANTARA are active in the development of products used in animal husbandry as well as the marketing and sales of these products worldwide.AL-NUTRITION is also working in partnership with some of the largest cooperation in Agriculture.Through our partners we are currently active in more than 30 countries worldwide."
"AL HAMRA","031-5353631","Food & Beverage/Catering/Restaurant","Mondays-Saturdays","1 - 50","Miscellaneous allowance","Bahasa Indonesia","","Al Hamra Restaurant merupakan restoran Timur Tengah termewah di Jawa Timur. Menyajikan masakan khas yang menjadi hidangan para raja dan sultan di Timur Tengah. Tidak hanya dari menu masakan, kekhasan Timur Tengah juga terlihat dari desain bangunan yang bergaya Maroko dan aroma semerbak gahru yang menenangkan.\nDi restaurant ini anda akan merasakan sensasi sejenak terbang ke negeri seribu satu malam. Selain dine-in dengan layanan bagai seorang raja, Al Hamra Restaurant juga memberikan layanan delivery dan take away. Nikmatnya sajian Al Hamra Restaurant juga dapat anda rasakan untuk hidangan acara spesial anda seperti arisan, tasyakuran dan aqiqoh.\nBagi anda yang ingin mencoba suasana meeting baru selain dikantor. Meeting Room Al Hamra telah dilengkapi projector, screen, memopad, pencil, candy, coffee break, lunch dan layanan bagai seorang raja tentunya. Selain menyediakan Meeting Room, Al Hamra Restaurant juga menyediakan VIP Room atau Kings Corner. Kings Corner sangat cocok bagi anda yang menginginkan ruangan privat dengan layanan yang premium. Al Hamra Restaurant juga menyediakan lunch buffet."
"AL'S CATERING","021-7764265","Food & Beverage/Catering/Restaurant","6 days","51 - 200","Medical","Bahasa Indonesia","","..... URGENTLY REQUIRED .....\nKami adalah sebuah perusahaan yang bergerak dibidang Catering Services Management.\nKantor pusat  kami terletak di daerah Jakarta selatan , dan ditahun 2016 kami telah membuka kantor cabang di Seminyak - Bali.\nAL'S catering berdiri sejak tahun 1990, dan menjadi catering yang professional.\nkami mengundang Bapak/Ibu untuk bergabung bersama kami menjadi bagian dari tenaga kerja professional di catering kami."
"AL-Group","024-86010067","Textiles/Garment","Regular hours, Mondays - Fridays","1 - 50","-","Bahasa Indonesia","","AL group memulai persiapannya pada tahun 2011, rencana awalnya ialah untuk mengembangkan produk lingerie kualitas premium untuk para wanita modern di Asia. Selama beberapa waktu terakhir, AL group menjadi salah satu produsen produk garmen paling dinamis dan modern di Indonesia.\nSelama kurun waktu terakhir, ide-ide baru lahir dan sukses berkembang menjadi line-line tambahahan dan pengembangan pasar, sebagai contohnya yaitu pakaian dalam pria, atasan wanita, gaun malam, pakaian olahraga dan distribusi kosmetik. AL-Group saat ini memiliki 6 merek, memproduksi sendiri produknya dan memiliki lingkungan kerja yang modern yang mengelola sejumlah sarana penjualan online seperti website dan platform media sosial.\nAL-group bukan perusahaan yang sangat besar namun sangat kreatif, fleksibel dan beroperasi menggunakan teknologi dan proses produksi terbaru di industrinya. Bersama team muda yang berdedikasi dan memiliki motivasi tinggi, kami mengerjakan suatu hal yang kami sebut Fasio-N-ation.\nBerpusat di Semarang, Jawa tengah, kami mengembangkan visi kami sendiri dan menciptakan pemahaman lebih baik yang lebih eksklusif dari perusahaan lainnya. Kami memproduksi produk berkualitas premium dalam jumlah terbatas, bukan 100.000 produk yang sama! Kami tidak memproduksi lebih dari beberapa ratus produk untuk memastikan bahwa klien kami tidak akan pernah merasa bahwa mereka memakai salah satu produk yang sama dari satu juta orang lainnya, karena kami percaya bahwa setiap orang adalah unik seunik AL group."
"Alam Sari Keliki Hotel","+62361981420","Hotel/Hospitality","Maonday - Saturday","1 - 50","Medical","Bahasa Indonesia","","Alam Sari, which in Indonesian means natural essence, is where you experience the life of Bali through its people and the natural tropical beauty.\nSet in the cool, green hills north of Ubud, wake to the sight of Mount Agung, Bali's sacred mountain, and the magnificent views that our hilltop setting provides.\nLocated close to the traditional artist's village of Keliki, walk down village lanes through rural landscape with our Alam Sari guides, and experience the friendliness of the Balinese people and Bali's unique culture.\nAlam Sari has a strong environmental ethic, and is committed to working in harmony with the land and the people of Bali. Stay two nights and enjoy Alam Sari's tour of Keliki village for free!"
"Alammaya Mesari PT","+62 361-4457615","Property/Real Estate","Regular hours, Mondays - Fridays","51 - 200","","Bahasa Indonesia","","Plaza Renon menghadirkan sebuah konsep baru dengan ragam menu kuliner yang ada baik restaurant maupun gerai kuliner ternama. Meet, eat adn Fun adalah tagline yang digunakan untuk membangun atmosphere dan menciptakan aktivitas di Plaza Renon untuk menjangkau target pasar yaitu anak muda, pegawai kantor dan wisatawan yang sedang berlibur atau tinggal diseputaran Sanur"
"Albert Yanuar","021-45857942","Arts/Design/Fashion","Regular hours, Mondays - Saturdays","1 - 50","Medical","Bahasa Indonesia","","Albert Yanuar adalah perusahaan yang begerak dibidang fashion dengan label Albert Yanuar. Saat ini kami sedang mengalami perkembangan usaha yang signifikan dibidang ini dengan dukungan team professional."
"Alden Interior","031-7673859","Arts / Design / Fashion","Saturdays or Shift required & long hours","1 - 50","Medical, Miscellaneous allowance, Dental, Parking","Bahasa Indonesia","","Alden Interior, Our company engaged in the field of interior design. founded in 2011 years ago.We emphasize and create designs that reflect the personality and lifestyle needs. Alden is a firm of architect and interior design with modern and contamporary design in every project.3D Visualitation of digital in every process of our design to make the reference Work up until a certain deadline. VisiBeing a profesional interior contracting company and become number one in market share in Indonesia. and make the companies that go Public.MisiWith increasing client satisfaction is remains one of our top priorities. Increase sales of interior construction services to the premium market through unique marketing techniques that have a high value brand image"
"ALDIRON HERO GROUP","+62 7990333","Property/Real Estate","Regular hours, Mondays - Fridays","201 - 500","Parking, Medical","Bahasa Indonesia","","ALDIRON HERO GROUP\nAldiron Hero Group (AHG) was established in the late of 1960s and has emerged as the pioneer in modern shopping center developer in mid 1970’s. Today, AHG have businesses in: Real Estate, Property/Asset Management, Mining, Trading, Plantation, Parking Management, Security Services."
"Alena Beauty Care","031-28841795","Healthcare/Medical","","1 - 50","","","","Kami badan usaha perorangan yang bergerak di bidang Health & Beauty Care Beberapa perawatan di Alena Beauty Care: facial,body spa,peeling,akupuntur,treatment kebotakan rambut,dan Lain-lain.Saat Ini Kami Badan Usaha Perorangan Yang Bergerak Di Bidang Health & Beauty Care Membutuhkan :"
"Aletheia School","+62 216451070","Education","Regular hours, Mondays - Fridays","1 - 50","Medical","Bahasa Indonesia","","Aletheia School adalah salah satu Sekolah Kristen yang berkembang dengan lokasi di wilayah Jakarta Pusat, dan merupakan bagian dari Yayasan Kasih Aletheia, Saat ini membutuhkan dengan segera karyawan untuk posisi:"
"Alfa Group","+62 2131996958","Advertising/Marketing/Promotion/PR","Regular hours, Mondays - Fridays","1 - 50","Education support, overseas trip","Bahasa Indonesia","","ALFA Group is part of APPCO GROUP that started in Australia that extended its operations to Southeast Asia in 1995 including Indonesia. We have more than 800 branches worldwide. We specialize in creating long-term brand awareness and provide cost-effective solutions for a portfolio of clients ranging from banking and telecommunications to internationally prominent NGO's.\nIn our business, recruiting, training and retraining is an ongoing process that provides us the opportunity to not only discover excellent sales executives, but unique individuals who can lead teams, direct campaign inspires his peers and multiply talent among our organization. We've had 20 years to fine create a process that empowers us to identify the right candidates.\nOur training program revolves around a mentor student relationship based on modeling a successful leader in a fun and progressive manner. This approach never fails to achieve better results often in shorter period of time."
"Alfa Land Group","+62 21-58900789","Property/Real Estate","Regular hours, Mondays - Fridays","501 - 1000","Medical, Parking, Badminton, Futsal, Yoga","Bahasa Indonesia","","Alfa Land Group, adalah grup perusahaan yang bergerak di bidang properti dan hospitality di kota-kota seluruh wilayah Indonesia. Saat ini, kami mengundang Anda para profesional, handal, dan memiliki motivasi tinggi untuk bergabung di posisi sebagai:"
"Alfacart (PT Sumber Trijaya Lestari)","021-55755966","Retail/Merchandise","Regular hours, Mondays - Fridays","51 - 200","Parking, Medical","Bahasa Indonesia","","As part of Alfa Group,Alfacart change the business into Digital Extention of Alfagroup, which focus on 6 pillars that support new business model.\nAlfacart focus to empowering entrepreneurs and micro business in Indonesia, to meet the needs and expectations of our customer as well as compete in a global scope\nWith all the network, we are very sure that for the near future, this kind of business will be stronger, reliable and trustworthy"
"Alfamart (PT Sumber Alfaria Trijaya, Tbk)","+62 21-82499234","Retail/Merchandise","Regular hours, Mondays - Fridays","More than 5000","Miscellaneous allowance","Bahasa Indonesia","","PT Sumber Alfaria Trijaya, Tbk merupakan salah satu perusahaan retail minimarket terkemuka di Indonesia dengan lisensi merk dagang Alfamart. Saat ini PT Sumber Alfaria Trijaya, Tbk telah membuka 32 kantor cabang yang tersebar di Pulau Jawa, Bali, Sumatera, Kalimantan, Sulawesi & Lombok dengan lebih dari 9.000 toko & 96.000 karyawan. Seiring dengan perkembangan & ekspansi bisnis ke beberapa daerah, maka kami membutuhkan Sumber Daya Manusia yang profesional & tangguh serta bertanggung jawab untuk bergabung & bertumbuh bersama kami."
"Alfalink Overseas Studies and English Course (Semarang)","(024) 3567889","Education","Mon - Fri regular hours 9-5, Sat: 9-2","51 - 200","Education support","combination between Indonesian & English","","ALFALINK is Indonesia's most reputable Overseas Education Consultant / Agent with a vision to help students prepare their study abroad. Our company has been operating and growing consistently since it was officially founded in 2001. Currently we have 9 offices in 6 cities: Bandung, Jakarta, Tangerang, Malang, Makassar, Semarang, and Surabaya; and are still growing rapidly.Our mission is to improve the quality of human resource in the globalization era and to have a positive impact on education by providing professional development opportunities for students by studying overseas."
"ALFINDO GROUP","+62 21-55703333","Agricultural/Plantation/Poultry/Fisheries","Saturdays/Shift required","51 - 200","Miscellaneous allowance, Medical","Bahasa Indonesia","","Alfindo group is a company with business in trade poultry products. We have vision and mission to development of the indonesian individual through improvements and nutritional good and in accordance with health standards. We invite young generation to continue to work developing our nation with us. TOGETHER WE CAN."
"Ali Budiardjo, Nugroho, Reksodiputro (ABNR)","+62 21-2505125","Law/Legal","Regular hours, Mondays - Fridays","51 - 200","Dental, Medical, Parking, Vision","English","","We are, Ali Budiardjo, Nugroho, Reksodiputro (ABNR), Counsellor at Law, one of the oldest, largest and most prominent law firm in Indonesia, established in 1967 and supported by more than 100 lawyers."
"Alga Pratama","+62 21-29423330","General & Wholesale Trading","Regular hours, Mondays - Fridays","1 - 50","Miscellaneous allowance","Bahasa Indonesia","","PT Alga Pratama merupakan perusahaan yang bergerak dalam bidang penjualan/distribusi Security System yang berlokasi di Jakarta Utara.\nUntuk menunjang bisnis yang terus berkembang saat ini kami membutuhkan kandidat professional untuk menempati posisi sbb :"
"Alien design consultant","021-56958925","Architectural Services/Interior Designing","Regular hours, Mondays - Fridays","1 - 50","Medical, Miscellaneous allowance","Bahasa Indonesia","","Alien design consultants is a multi discipline design consultant , mainly in architectural design. Our projects comprised of residentials, office towers, hotels, and also private houses. For more info, please visit our website or instagram @alien.dc We are a young and a new company with also young peoples with a vision to dominate the architectural service market in south east asia. Be a part of us to grow together and make a new legacy ."
